density_metric,Latitude,is_coastal,airport_boardings,Children 0-18,Adults 19-25,Adults 26-34,Adults 35-54,Adults 55-64,65+,spring,summer,fall,winter,partisan_score,hispanic,minority,female,unemployed,income,nodegree,bachelor,inactivity,obesity,cancer,NY_dest,NJ_dest,PA_dest,IL_dest,MD_dest,MA_dest,VA_dest,CA_dest,RI_dest,MI_dest,TX_dest,MO_dest,MN_dest,CT_dest,GA_dest,OH_dest,CO_dest,DE_dest,FL_dest,IN_dest,UT_dest,KY_dest,NE_dest,TN_dest,OR_dest,LA_dest,NC_dest,OK_dest,WA_dest,KS_dest,WI_dest,NH_dest,AZ_dest,SC_dest,AL_dest,IA_dest,NM_dest,WV_dest,NV_dest,AR_dest,ID_dest,ME_dest,MS_dest,VT_dest,SD_dest,ND_dest,MT_dest,WY_dest,NY_is_neighbor,NJ_is_neighbor,PA_is_neighbor,IL_is_neighbor,MD_is_neighbor,MA_is_neighbor,VA_is_neighbor,CA_is_neighbor,RI_is_neighbor,MI_is_neighbor,TX_is_neighbor,MO_is_neighbor,MN_is_neighbor,CT_is_neighbor,GA_is_neighbor,OH_is_neighbor,CO_is_neighbor,DE_is_neighbor,FL_is_neighbor,IN_is_neighbor,UT_is_neighbor,KY_is_neighbor,NE_is_neighbor,TN_is_neighbor,OR_is_neighbor,LA_is_neighbor,NC_is_neighbor,OK_is_neighbor,WA_is_neighbor,KS_is_neighbor,WI_is_neighbor,NH_is_neighbor,AZ_is_neighbor,SC_is_neighbor,AL_is_neighbor,IA_is_neighbor,NM_is_neighbor,WV_is_neighbor,NV_is_neighbor,AR_is_neighbor,ID_is_neighbor,ME_is_neighbor,MS_is_neighbor,VT_is_neighbor,SD_is_neighbor,ND_is_neighbor,MT_is_neighbor,WY_is_neighbor,overall_vacc_rate,child_vacc_rate,smoking_rate
NY,10711.4,40.7056258,1,2.6250450637528897,0.22,0.09,0.13,0.26,0.14,0.16,43.6,66.5,48.1,23.3,-12,18.737000000000002,29.75600000000001,51.436000000000014,5.347,61.622797,14.718999999999994,33.42499999999999,24.046000000000003,24.675000000000008,200.16500000000005,0.9115382920370633,0.0618641444039248,0.004792960436781173,0.00021635723010370806,0.0007222590183651243,0.001984687892365313,0.0004950616321110898,0.00019866346543169806,0.00169205380750109,0.0001963851374594785,0.00014821701532131257,0.00014743876490730309,0.00020739358116866283,0.033303237153328516,0.00032061429120138797,0.000261344337938079,0.00023741369395823906,0.002078103735909321,0.0005704389747310161,0.00015284242177660576,0.00017113591918621794,0.0001219071813930465,0.0001560497190831285,0.000232268454429922,9.76227553944403e-05,0.00026404186552526465,0.0003676793299301147,8.903459047153945e-05,0.0001262539891204454,0.00011741540307831642,0.00015544261934177437,0.0010474982339134199,0.0001429908587539739,0.0002514396704778262,0.00012176404721934433,0.00011915879797331565,8.838473974336373e-05,0.0001678364851694069,0.00023291543096205181,9.945409987523654e-05,8.037857030764579e-05,0.0008574476365987861,0.00013143274839020157,0.012476407970709926,8.106315556756491e-05,0.0,0.00010511261705149002,0.00020935868820813803,1,1,1,0,0,1,0,0,0,0,0,0,0,1,0,0,0,0,0,0,0,0,0,0,0,0,0,0,0,0,0,0,0,0,0,0,0,0,0,0,0,0,0,1,0,0,0,0,81.7,69.6,0.141
NJ,2789.6,40.1430058,1,2.333069529728179,0.23,0.08,0.11,0.27,0.14,0.16,50.6,72.2,54.8,33.0,-7,19.372,27.143,51.199000000000005,5.676,72.829584,11.590000000000002,36.24,22.909000000000002,25.672,200.31899999999996,0.028067919138830007,0.8230142447122315,0.019685682500892157,0.00012836468226974323,0.000792926087787899,0.0004465738666622681,0.0003154596211684904,7.172392644689868e-05,0.00047217896817969784,8.93395550627097e-05,9.910297885181404e-05,0.00011237405298144392,7.937517970182459e-05,0.0019025784694707503,0.00014193324224143867,0.00017050225961001702,0.00015449785611855254,0.016296297946174217,0.0002445042393322593,8.127947151995079e-05,6.69347675464066e-05,9.102710141824833e-05,6.515760200313084e-05,9.832802955513657e-05,5.246570543925803e-05,8.007284643748627e-05,0.000204604213546393,5.917867989425676e-05,6.70677845622154e-05,6.028492337155351e-05,6.857762618019457e-05,0.00036764985149680585,0.00013219614403403495,0.00018290452383855628,5.083962796271593e-05,1.5428274117757124e-05,2.4767152345667862e-05,0.0001370754573409304,8.109456181349658e-05,4.526876270183181e-05,4.082721031499469e-05,0.0003252127998337801,3.4037711762590665e-05,0.0005657292713758567,0.0,0.0,0.00011420890121940742,0.0,1,1,1,0,1,0,0,0,0,0,0,0,0,1,0,0,0,1,0,0,0,0,0,0,0,0,0,0,0,0,0,0,0,0,0,0,0,0,0,0,0,0,0,0,0,0,0,0,79.4,72.8,0.13699999999999998
PA,1957.6000000000001,40.99459279999999,1,1.6212567740263457,0.22,0.08,0.12,0.25,0.14,0.18,47.4,68.6,50.9,28.4,0,6.766999999999994,17.371000000000002,51.06700000000001,5.198999999999997,54.96070000000003,11.11,28.103999999999992,23.155000000000005,29.33100000000001,230.83500000000004,0.003141793762877293,0.028441539445311782,0.877457364482669,0.000198665194356755,0.012777922499009275,0.000453599310529048,0.0007314063799833621,7.851515151840518e-05,0.0003515215658480648,0.00021571000157836586,0.0001434448012514018,0.00018834759548747214,0.00015799620092667223,0.0005872812069733978,0.00022244809965840022,0.0029014855800336046,0.00016404212522240136,0.06959865647141104,0.0002477486941069532,0.00015870318063383181,0.00012482429623519067,0.0002286047711567148,5.803954464144429e-05,0.00020217125307570548,5.324877566969471e-05,0.00017955729201133284,0.00031356565786966426,0.00020339339080773834,5.769911399144031e-05,0.00010619960338128321,0.00011658196450633077,0.00036613063723442234,0.0001558193603052057,0.0002499262760725426,0.0001514728010082565,9.125660010077617e-05,0.00010003987025897214,0.011997340520260724,0.00011405079926281711,0.00020748182905006246,6.506836643952278e-05,0.00029886454058798776,0.00010143912119346328,0.0002940513726925357,7.983492593775332e-05,0.00013678446485308307,0.0001374549607596408,0.0002324236284344583,1,1,1,0,1,0,0,0,0,0,0,0,0,0,0,1,0,1,0,0,0,0,0,0,0,0,0,0,0,0,0,0,0,0,0,0,0,1,0,0,0,0,0,0,0,0,0,0,82.5,69.7,0.187
IL,1761.899999999998,39.739318,0,4.102417090600058,0.24,0.09,0.12,0.26,0.13,0.15,51.6,73.4,53.8,28.3,-7,16.91800000000001,22.729000000000003,50.902,5.962999999999999,59.266824000000014,12.396999999999993,32.077999999999975,21.199000000000012,27.34000000000001,225.471,0.0001432544838498631,0.00018733164890295538,0.00020067107114344487,0.9005154227788623,0.00015016752252339634,0.00017334519106076412,0.0001969747872272349,0.00014057567470150017,0.00023086416351643174,0.0007840228903521375,0.0001939109650407084,0.0180359520161124,0.0004918998666082194,0.00021040279544735354,0.0002854148471255112,0.0003416979701996376,0.00029666769797796706,0.00020380117024191088,0.0003036490542414332,0.01566688803883894,0.00011577905737756817,0.001515428402345319,0.000490598415082397,0.0003536027216694335,9.214126378138349e-05,0.0001586015883982166,0.00020387011334402252,0.00015940923683227724,0.0001375558774280471,0.0002881058547175406,0.01149765446934457,0.00013672928361451456,0.00022324721601960695,0.00011436937719928637,0.00013096957656238755,0.018255587415123977,7.138767440810148e-05,0.00010793343097711055,0.0003358573861408283,0.00030350647720546323,0.00019010169802919402,9.560654069187518e-05,0.00018130979136904733,0.00014223137048715044,0.0001412464074283328,0.00034642152511704736,0.0001728293991904307,0.00021290714055064884,0,0,0,1,0,0,0,0,0,1,0,1,0,0,0,0,0,0,0,1,0,1,0,1,0,0,0,0,0,0,1,0,0,0,0,1,0,0,0,0,0,0,0,0,0,0,0,0,83.0,60.1,0.155
MD,1737.6,38.806352399999994,1,2.316046690148456,0.23,0.08,0.12,0.27,0.14,0.15,52.8,73.3,56.1,34.7,-12,9.407000000000002,40.312,51.53699999999999,5.266,75.29606199999999,11.088999999999999,37.12899999999999,21.545,28.940000000000005,225.486,0.0002151913536217324,0.0005207069148012931,0.0058078884278291495,6.75726651656754e-05,0.8452446604793722,0.0002209960277224015,0.02457472943463237,3.846571354730757e-05,0.00022706393037212833,6.687819467321756e-05,7.579866681041635e-05,9.734631929893285e-05,7.74897835093822e-05,0.0001404550575991642,0.00016742961375680983,0.0001026307449813219,6.104355447669965e-05,0.04559689242193747,0.0001836042275777592,7.634409564018148e-05,4.052267008214886e-05,7.351302620866131e-05,4.325588704409527e-05,8.66673337425082e-05,3.6804300830524285e-05,6.77200106234388e-05,0.000280740891677957,1.5461096548949963e-05,7.569290984959566e-05,4.486319878813284e-05,5.363122047425473e-05,0.00010938342689161165,2.5031222538988866e-05,0.00014312387089967406,6.464792197728076e-05,2.2650019449473223e-05,1.6025804458961556e-05,0.015275278819035572,4.9989798378182825e-05,4.1839310981996065e-05,0.0,0.0001400221777062109,5.8976233252013535e-05,8.31014748913688e-05,0.0,0.00011299586226993819,1.111768064967683e-05,0.0,0,1,1,0,1,0,1,0,0,0,0,0,0,0,0,0,0,1,0,0,0,0,0,0,0,0,0,0,0,0,0,0,0,0,0,0,0,1,0,0,0,0,0,0,0,0,0,0,81.9,74.5,0.138
MA,1498.0,42.062939799999995,1,2.712286233688561,0.21,0.09,0.13,0.26,0.14,0.17,45.7,68.0,50.3,27.4,-12,11.179999999999998,17.804000000000002,51.486,5.008000000000001,69.63228300000002,10.580999999999998,39.81999999999999,20.328,24.139000000000003,199.67400000000004,0.0006706023118259983,0.0003325790779552165,0.00023381446892743477,8.846017873476537e-05,0.0002506256114087134,0.9815348426124938,0.0001949750431944711,6.461058793326539e-05,0.10546692039556627,5.4332209590798534e-05,5.841985390582457e-05,4.441530177275495e-05,8.95563191410135e-05,0.014414550024803468,0.0001164368707260675,6.371080875107398e-05,8.629609981396628e-05,0.0002249608545839672,0.00018445523210882647,6.786141834682798e-05,0.00012735696311532498,6.22210566656381e-05,0.00010567577467734668,5.5467093595205245e-05,3.941453493197991e-05,7.257291040752887e-05,9.878891294756648e-05,3.945245326283784e-05,8.758963438391324e-05,3.1544436647905904e-05,4.694929792336398e-05,0.09021322172172552,5.240912219100794e-05,8.323669229059594e-05,6.799538719293283e-05,5.4491351139312394e-05,2.233900015491611e-05,5.936338703741081e-05,9.294399550313992e-05,4.595465304579896e-05,6.251666579483561e-05,0.004925618864149128,1.887239464064433e-05,0.008501920123501577,0.0,0.0,9.50056346426929e-05,3.193607108259733e-05,1,0,0,0,0,1,0,0,1,0,0,0,0,1,0,0,0,0,0,0,0,0,0,0,0,0,0,0,0,0,0,1,0,0,0,0,0,0,0,0,0,0,0,1,0,0,0,0,92.6,81.1,0.13699999999999998
VA,1274.1000000000008,38.0033855,1,3.1806022579109876,0.24,0.09,0.12,0.26,0.13,0.16,54.1,73.2,56.5,36.8,-1,8.757000000000001,29.781999999999993,50.80299999999998,4.579999999999991,69.54726299999996,12.12799999999999,35.464,21.448000000000015,27.333999999999985,182.72499999999997,0.00020440598362006764,0.000287082624062574,0.00046070110173850113,0.00012283104994360373,0.03405581174292706,0.00023825418330818683,0.914960385070711,7.271710956012295e-05,0.00029831830182781713,7.709710187744596e-05,0.00012542969313748855,0.00011521262489925157,5.147131605367723e-05,0.00020956342259317528,0.0003556072869249136,0.00019225928409507767,0.00015250946672191738,0.001733980448451668,0.00023503681392413614,9.315521973064569e-05,6.5487529329187e-05,0.0008065692530730865,6.461005912915496e-05,0.0036857253386132125,4.6984213826201214e-05,8.051401914513082e-05,0.004784865119050603,6.82420813195033e-05,0.00010305537627852611,0.0001005917035327666,6.066482315940289e-05,0.00019901706837223787,8.745283374559236e-05,0.0004920693809179126,0.0001433133545451046,0.00012506749869926518,6.118943520694413e-05,0.02044636949714894,6.183923206782615e-05,7.373321197646848e-05,6.570629160069457e-05,0.00013174129622896185,8.593679702436258e-05,0.00021094989780116695,0.0,0.00013529767719163652,2.7288852503752216e-05,0.0,0,0,0,0,1,0,1,0,0,0,0,0,0,0,0,0,0,1,0,0,0,1,0,1,0,0,1,0,0,0,0,0,0,0,0,0,0,1,0,0,0,0,0,0,0,0,0,0,92.1,69.6,0.16399999999999998
CA,1244.2,37.2718745,1,2.80378626098125,0.24,0.09,0.14,0.26,0.12,0.14,57.1,73.4,60.9,46.2,-12,38.82600000000001,27.07199999999999,50.332,6.336,63.17477899999998,18.73,30.620000000000005,17.497999999999994,22.79,150.71699999999998,0.0003819259491977078,0.0003039163120028517,0.0002302718254588373,0.00040816383791538873,0.0002482007609873437,0.0003676139866812857,0.00033858166154732193,0.9012134442849505,0.00029356801039743787,0.0001985098607395656,0.0004657283247727104,0.00028235441841251364,0.00033824007692416464,0.0003273554131295261,0.0003579814429769522,0.00021366958309033656,0.0008907984496925553,0.00011470776248588426,0.00023402624604349376,0.00019001197137111836,0.0011002628546412025,0.00013435139272617412,0.0004785524718549274,0.0002518079987645966,0.001991869642820786,0.0003438941256089286,0.00022841003439469192,0.00035134009054338026,0.0012736930704553768,0.00035014324679175557,0.000218041683239593,0.0001899017827979369,0.002785818623448592,0.00017879673902421517,0.00014770690264064793,0.00023175237291779847,0.0005929547649815776,0.00015704314207169587,0.009833548783192763,0.0002901316154981039,0.0007508379146991992,0.00021379730359442952,0.00019074598868936947,0.0001166616859051908,0.00032179616301063646,0.0006229640301461066,0.0008014837050176114,0.0005198482681778343,0,0,0,0,0,0,0,1,0,0,0,0,0,0,0,0,0,0,0,0,0,0,0,0,1,0,0,0,0,0,0,0,1,0,0,0,0,0,1,0,0,0,0,0,0,0,0,0,80.9,63.5,0.113
RI,1092.3000000000002,41.5827282,1,1.712955089794759,0.2,0.09,0.13,0.26,0.15,0.17,47.0,68.8,53.1,31.4,-10,14.331,15.181000000000001,51.537,5.994,55.10571399999999,14.697000000000001,31.304000000000002,22.904999999999998,27.139999999999997,226.705,9.190786589935382e-05,5.6529343961608274e-05,2.912840185291275e-05,1.8939051482421133e-05,4.139566076481168e-05,0.01695438150206739,3.92449766429897e-05,8.294421134764855e-06,0.8123359368097233,6.374169840261281e-06,0.0,4.174370467364188e-06,4.902030100350213e-06,0.005202712741148323,1.0735314322261542e-05,2.2103749974862403e-05,0.0,1.8932349148155657e-05,4.0475903008886085e-05,7.557294315896753e-06,0.0,5.0698638764594e-06,0.0,0.0,0.0,1.3896940290803402e-05,1.0172531375704828e-05,0.0,1.6209287178007716e-05,9.112837253839484e-06,9.671203692078722e-06,0.00030536206673908257,1.0481824438201588e-05,4.7563824166054825e-06,0.0,0.0,0.0,0.0,0.0,0.0,0.0,0.00020401080730313522,0.0,0.00027966842511518346,0.0,0.0,0.0,0.0,0,0,0,0,0,1,0,0,1,0,0,0,0,1,0,0,0,0,0,0,0,0,0,0,0,0,0,0,0,0,0,0,0,0,0,0,0,0,0,0,0,0,0,0,0,0,0,0,87.5,78.0,0.149
MI,1057.2,44.9435598,0,1.879937148661829,0.23,0.09,0.12,0.25,0.14,0.17,42.6,66.2,47.3,21.7,-1,4.905999999999998,20.730000000000008,50.84899999999999,5.5740000000000025,50.63421300000002,10.811,26.420999999999992,22.770000000000003,31.469000000000005,235.49000000000004,0.00010016460848436034,0.00010043342196800826,0.00016784257500110806,0.0006039453083838738,0.00011448758060895615,8.201442079262585e-05,9.523780956037627e-05,5.266554778773025e-05,5.9853672022778596e-05,0.8493047096009163,0.00010649991066017577,0.00018400625020141337,0.00024057655415564888,0.00016060000609944273,0.00014998472798313483,0.0032659807511877083,0.00013183021699691164,6.459272062311929e-05,0.00021301707168277104,0.005427525393280054,9.407048411927414e-05,0.00027238995918068236,0.00010512823180337078,0.00022013502770597084,7.282553143061189e-05,0.0001102931769111381,9.815968420267751e-05,7.997118904629293e-05,9.324057853771411e-05,0.0001268787340726882,0.0022637650242149357,6.988385606964078e-05,0.0001429908587539739,9.772203874116719e-05,0.0001228101300992356,0.00017988711099001923,2.9623456727171363e-05,5.936338703741081e-05,9.368458510874262e-05,9.259519643556506e-05,3.6361734186792145e-05,6.699985922501488e-05,9.908007186338274e-05,0.00015981052863724767,7.492200741850697e-05,0.0005709264619954772,0.0001202730906646857,0.000152583450727965,0,0,0,1,0,0,0,0,0,1,0,0,0,0,0,1,0,0,0,1,0,0,0,0,0,0,0,0,0,0,1,0,0,0,0,0,0,0,0,0,0,0,0,0,0,0,0,0,81.0,56.7,0.193
TX,907.6000000000008,31.1693363,0,3.0572132791151487,0.27,0.09,0.13,0.26,0.11,0.13,65.1,81.1,65.5,47.9,8,38.90400000000001,20.39399999999999,50.349000000000025,4.565999999999993,54.180752999999974,18.69799999999999,27.002000000000006,22.974000000000004,28.10200000000001,206.62200000000004,0.00019233049758949562,0.0002834429077511626,0.00028396255536069267,0.0003800280453838907,0.00033012606450933497,0.00022435602261520926,0.0003941995424585653,0.00031435587672890366,0.0,0.0002709528068606303,0.9416698239502391,0.000630830865028076,0.00036765225752626593,0.00020648572212785495,0.0006396802197601422,0.00030927913690317275,0.0010351555198882683,0.00029066724280403685,0.0004955505759970981,0.0003440882371176665,0.0005459706174460949,0.00030442228094558493,0.0006203660762146828,0.0006879810529450742,0.00023988051392377177,0.008364855123294537,0.00036547702932300335,0.0071659516798081545,0.00030039229449151914,0.001224975623160346,0.00031211611915344967,0.00020661313968415535,0.0006397041810120342,0.00034181093639333034,0.0006305787599984601,0.0003295741960474075,0.016390998548450622,0.0003998933617701946,0.0004824941280501646,0.007052324516670222,0.0002385840102782502,0.00024917925172449355,0.002002495874191225,0.00033879832071096507,0.0004790095556265199,0.0014079879153898877,0.0004861458538631413,0.0009509852277928982,0,0,0,0,0,0,0,0,0,0,1,0,0,0,0,0,1,0,0,0,0,0,0,0,0,1,0,1,0,0,0,0,0,0,0,0,1,0,0,1,0,0,0,0,0,0,0,0,79.9,61.8,0.157
MO,902.0,38.3046615,0,2.1116902910988897,0.24,0.09,0.12,0.25,0.14,0.17,54.4,75.4,56.0,32.3,9,4.094999999999998,17.09999999999999,50.952999999999975,5.080999999999996,49.386984,11.968,26.790000000000006,24.985,30.78800000000002,263.083,4.556689814100473e-05,7.654778367437096e-05,8.880226294617725e-05,0.00841860323014486,0.00010097769968989628,4.06253927948575e-05,8.623896141293914e-05,4.539115255303356e-05,2.3751457151896267e-05,0.00011149738355504652,0.00015024520630102465,0.8737401541210972,0.00018590006457481958,6.603066452869074e-05,0.00010539188387527918,9.768990675164677e-05,0.00021872283362986847,5.45697122505663e-05,0.00011360910489747789,0.0002674356804849994,4.196990829936846e-05,0.00027123771739057795,0.0010885152334640684,0.00023841395627711802,5.063854156823909e-05,0.00016014569287497253,6.093031679674747e-05,0.0015498416437171568,7.167776531926347e-05,0.06640419358750672,0.00016300374222830862,6.076857049533981e-05,0.00010998093403068233,8.431768829436992e-05,8.096681490358463e-05,0.0019101516402389085,0.00010198239201157354,9.174341633054398e-05,0.00011590227327682388,0.0052861568809548145,7.20855432124125e-05,5.9471785154788496e-05,0.00019074598868936947,0.00012784842290979815,0.00015844162224569504,0.0004906399282773633,0.00028198480920543957,0.00020935868820813803,0,0,0,1,0,0,0,0,0,0,0,1,0,0,0,0,0,0,0,0,0,1,1,1,0,0,0,1,0,1,0,0,0,0,0,1,0,0,0,1,0,0,0,0,0,0,0,0,75.5,57.0,0.20800000000000002
MN,867.7000000000003,46.4418595,0,3.4170626470019845,0.24,0.08,0.13,0.25,0.14,0.16,41.9,66.8,43.5,12.4,-1,5.161999999999998,14.508999999999995,50.262000000000015,3.7419999999999987,62.95330099999997,7.710999999999999,33.148999999999994,18.722,27.07500000000001,251.37699999999995,5.676510527191982e-05,4.78850177220062e-05,6.597189392632672e-05,0.0002033415033647602,7.118668022735397e-05,7.254534427653125e-05,3.412063255903244e-05,4.815595959795518e-05,2.470151543797212e-05,0.00012910223359005387,7.754847863605032e-05,0.00016463717123284355,1.0204563601483807,3.721219653523673e-05,0.00013171404880005507,8.28673920626214e-05,0.00013779538518681714,0.00015257246078219556,8.83449078814189e-05,0.00010780711687371083,0.00011831172425770248,6.037746980147104e-05,0.0003274306386375819,0.00011440088054011083,5.533696295085921e-05,2.4926257981917213e-05,4.99188137611907e-05,7.250721140197225e-05,7.836967286981712e-05,0.0001240747841484299,0.012365776880758982,6.988385606964078e-05,0.00014909221924785243,3.5456668923786324e-05,5.2513360570541974e-05,0.003165750544503185,7.333019616070288e-05,6.691872720580855e-05,7.813220339108574e-05,7.20184861165506e-05,4.0189285153822895e-05,6.775266663203752e-05,9.267693796744984e-05,7.830715903225136e-05,0.007143383526984205,0.06265620562868073,0.000231449897161454,9.403398707653657e-05,0,0,0,1,0,0,0,0,0,1,0,0,1,0,0,0,0,0,0,0,0,0,1,0,0,0,0,0,0,0,1,0,0,0,0,1,0,0,0,0,0,0,0,0,1,1,0,0,81.4,64.2,0.145
CT,865.0,41.518783500000005,1,0.8343908964977728,0.22,0.08,0.11,0.27,0.15,0.17,47.3,69.2,51.2,28.5,-6,15.349000000000002,19.093999999999998,51.214000000000006,5.649,70.682646,10.433,36.988,20.271,25.131,189.211,0.006142448832192131,0.000773439716174922,0.0001652446364574699,5.860973956699873e-05,8.694820796625717e-05,0.00786834440375287,9.361301753375568e-05,3.1406060607362076e-05,0.017666333829580445,5.8075769655713886e-05,2.934911652995135e-05,3.940605721191793e-05,2.5075769359483778e-05,0.9142958347241276,4.583153422196274e-05,3.510595584242852e-05,5.09027685538603e-05,8.241140217432461e-05,7.738822454392806e-05,2.7453028331216777e-05,3.581914587618515e-05,1.7283626851566138e-05,7.118057361686564e-06,2.5842623152311535e-05,1.670549824931599e-05,3.6396748380675575e-05,5.725981578489522e-05,1.146253709663532e-05,1.4870905667896986e-05,3.5049374053228785e-06,3.4816333291483395e-05,0.0008439235227540316,2.5813448243332268e-05,8.150709868455759e-05,9.833179070977978e-06,0.0,0.0,4.479237385550088e-05,5.25818619977923e-05,0.0,0.0,0.00047577428123830797,0.0,0.001065936226010442,0.0,0.0,2.223536129935366e-05,9.225976090528116e-05,1,1,0,0,0,1,0,0,1,0,0,0,0,1,0,0,0,0,0,0,0,0,0,0,0,0,0,0,0,0,0,0,0,0,0,0,0,0,0,0,0,0,0,0,0,0,0,0,85.5,73.8,0.127
GA,789.9000000000008,32.6781248,1,5.322044771834829,0.26,0.09,0.12,0.27,0.12,0.14,63.1,78.7,64.6,47.8,5,9.257999999999992,38.764,51.26699999999999,5.967999999999996,50.78799000000001,14.90699999999999,28.525999999999986,23.328000000000003,29.56799999999999,159.90800000000002,0.00016028401543143904,0.0001563940602559585,0.00016965325944061344,0.00021549990678557378,0.0002809362416758349,0.00017227610177668893,0.000430569887054457,9.309078477464245e-05,9.880606175188848e-05,0.00014701061552221652,0.0002464450882603096,0.0001704812898871534,0.00024057655415564888,0.00012422718241838427,0.8711887182581788,0.0001655614213803419,0.0001741829111452407,0.0001191624328736856,0.0015054270154579654,0.0001810666025890365,0.0001280805822239348,0.00046250985454790986,0.0001571448048310803,0.007519888183381775,7.178143779002963e-05,0.00032712956271843566,0.001232344496865025,0.00012928675562484023,9.205090608428234e-05,0.00020924476309777584,0.00012554980792989467,0.00013065242656498059,0.00014956155467045848,0.009888519044122798,0.012286871074050952,0.00019531538510777634,0.0001131518920890316,8.6886411936574e-05,0.00020440273114634755,0.0002630389469114015,0.0,8.43144295865356e-05,0.0005472994445786856,0.0001102692647597009,8.106315556756491e-05,0.0,6.670608389806098e-05,0.00014548654604294337,0,0,0,0,0,0,0,0,0,0,0,0,0,0,1,0,0,0,1,0,0,0,0,1,0,0,1,0,0,0,0,0,0,1,1,0,0,0,0,0,0,0,1,0,0,0,0,0,78.8,55.5,0.175
OH,781.6000000000004,40.1903624,0,0.8110615659648711,0.23,0.09,0.12,0.25,0.14,0.17,49.7,70.9,52.9,29.5,3,3.5769999999999973,17.332,51.04199999999998,4.932,50.088612,11.182,25.706999999999997,25.270000000000007,31.38,240.41299999999995,0.00015558799308621659,0.00022372881201706936,0.0026351756627636443,0.0003072335018259428,0.0002050730642072679,0.00011225437482789572,0.00027721451654188264,6.616746957021155e-05,0.00024226486294934193,0.0038121582736724527,0.0001418938316786808,0.00018818062066877755,0.00018024387599749241,0.00011331533531406674,0.00019715817649538025,0.8869139212364509,0.00024318002320848105,0.00022941552497176851,0.00022370781610430338,0.00617338407311019,5.608048091725958e-05,0.023159829532740605,0.00024584675041517437,0.0003550209144034018,5.8208220462460396e-05,0.00010124913640442479,0.00022778080564980297,0.00011515851222666181,4.446400794701199e-05,0.00010795207208394465,0.0002356256899524634,0.00018762296140436167,9.840399360639998e-05,0.0001777157430204412,0.00016151519665521275,0.0001877653786246186,7.138767440810148e-05,0.028014661677263932,0.00010627460840398867,0.00019410696734270305,5.6137414183117695e-05,6.925828144608281e-05,0.0001341288047674365,0.00019017452907832473,6.509617038001424e-05,0.0,0.00010612331529236973,0.00018097106946805152,0,0,1,0,0,0,0,0,0,1,0,0,0,0,0,1,0,0,0,1,0,1,0,0,0,0,0,0,0,0,0,0,0,0,0,0,0,1,0,0,0,0,0,0,0,0,0,0,80.5,60.3,0.21100000000000002
CO,721.7000000000002,38.9979339,0,5.751433827593914,0.24,0.09,0.14,0.26,0.13,0.14,43.7,65.2,45.9,25.8,1,21.334999999999994,12.324999999999994,49.693,3.944999999999998,62.79287100000001,9.63,37.37700000000003,14.464999999999998,20.261999999999997,139.24500000000003,6.161594154061115e-05,8.837686168645801e-05,6.49484635909541e-05,0.00011628421733239641,5.317350566860747e-05,6.628353561266223e-05,9.586272957061497e-05,0.00012025568506066845,0.0,6.70805492713211e-05,0.00020703455373296306,0.00018367230056402423,0.00013065795613625758,7.162648355654589e-05,9.042437832981837e-05,0.00010601131850688909,1.0228883503446675,0.0,8.1696434982456e-05,7.310525521908287e-05,0.0008806444551781279,7.48957163567866e-05,0.0012221156947141854,0.0001457586976578547,0.00011693848774521192,9.683740932797926e-05,7.634642104652695e-05,0.00025084296297520547,0.00012045433590996558,0.00048788728682094465,9.038179450415387e-05,7.064346320083253e-05,0.00040534935999075097,1.9674127268686314e-05,7.531796735217175e-05,0.0001372131613026059,0.0024053275601586847,1.726934895633769e-05,0.00027401815407300214,0.00012757560397788964,0.0002711181934980116,1.806737776854334e-05,5.088806412030882e-05,3.835452687293944e-05,0.0005760396963816355,0.002444278915418137,0.0005063598186807356,0.011317788746438242,0,0,0,0,0,0,0,0,0,0,1,0,0,0,0,0,1,0,0,0,1,0,1,0,0,0,0,1,0,1,0,0,1,0,0,0,1,0,0,0,0,0,0,0,0,0,0,1,77.3,64.5,0.146
DE,701.1,39.145251,1,0.0,0.22,0.08,0.12,0.25,0.14,0.19,53.3,74.2,57.4,36.1,-6,9.032,29.742,51.602999999999994,4.890000000000001,60.321318,11.857,29.653,24.037,29.327,209.643,9.629426039763853e-05,0.0016643740245275932,0.00491994452377779,1.4262742474415913e-05,0.007091475057295751,3.085086219759855e-05,0.0001946000911883279,2.7648070449216183e-06,1.6150990863289462e-05,5.868283345002448e-06,1.0379565602055966e-05,8.181766116033807e-06,2.5829927836460735e-05,2.0704530403064047e-05,1.1044986850788317e-05,1.7856362724790802e-05,0.0,0.8117456294115157,2.462594361775855e-05,5.24383687225489e-06,1.4834191726500921e-05,1.2905108049169383e-05,9.308228857590122e-06,0.0,7.047632073930183e-06,0.0,2.8839650807410593e-05,8.796830795092222e-06,8.922543400738191e-06,0.0,9.319523557821314e-06,0.0,8.448037606908743e-06,1.0377561636230144e-05,0.0,0.0,0.0,0.0,8.516780464431148e-06,8.916574471572931e-06,0.0,0.0,1.4154295980483248e-05,0.0,0.0,0.0,0.0,0.0,0,1,1,0,1,0,0,0,0,0,0,0,0,0,0,0,0,1,0,0,0,0,0,0,0,0,0,0,0,0,0,0,0,0,0,0,0,0,0,0,0,0,0,0,0,0,0,0,87.2,66.0,0.17
FL,643.9000000000001,27.9757279,1,4.175273159157527,0.21,0.08,0.12,0.25,0.14,0.21,69.9,81.0,72.7,59.4,2,24.413000000000004,22.341999999999995,51.142,5.442999999999995,47.38391500000001,13.590000000000003,26.796000000000006,23.185000000000002,25.81500000000001,219.24,0.0005534597764012182,0.0005228679963611936,0.0003667029617050475,0.00044495080211169645,0.0005978988324691629,0.0005296573767389691,0.0005523043050489538,0.00011810826211315653,0.0007229943557037225,0.00040521508270232427,0.00037052265407799015,0.00035665821273159616,0.00031316430756468086,0.000407095834276462,0.002921657082473949,0.00036458185252655396,0.0003054166113231618,0.000515628097388004,0.8860514506701926,0.00031231675489165156,0.00012265343890936127,0.0004696537536465572,0.00032797818151155783,0.000489118916248628,8.091725714512432e-05,0.00091675688648538,0.0007132307823316344,0.00019832854883480643,0.00013116138799085142,0.0002215120440164059,0.0002579573784778088,0.0005552728129011675,0.00018022480228071985,0.000724267322528562,0.003721753670077176,0.0002215762772231076,0.00015151669670290926,0.00028710292639911407,0.0002703152060449886,0.00017970327011939294,6.124081547249203e-05,0.00045243725162060616,0.0005098916623445513,0.00018857642379195227,0.00022108133336608613,0.0009515441033257953,0.0,0.00042049160258753146,0,0,0,0,0,0,0,0,0,0,0,0,0,0,1,0,0,0,1,0,0,0,0,0,0,0,0,0,0,0,0,0,0,1,1,0,0,0,0,0,0,0,1,0,0,0,0,0,85.2,54.5,0.161
IN,563.6000000000004,39.7662195,0,0.788340544637236,0.25,0.09,0.12,0.25,0.13,0.16,51.1,72.4,53.8,29.4,9,6.7089999999999925,14.101999999999997,50.72299999999999,4.849,50.69177499999997,12.40799999999999,23.72200000000001,26.309000000000008,31.75,223.475,5.114019938588413e-05,5.9941578003556456e-05,8.100844731526276e-05,0.0079170690890363,8.57357827555723e-05,6.719989785615526e-05,7.549033723683368e-05,3.3070313391683827e-05,4.655285601771669e-05,0.0035605303309307096,8.872341324975807e-05,0.00028953433561638005,0.00013178919385172303,4.9802789347910814e-05,0.00012118518283014473,0.0034695952950737938,9.424965740050695e-05,3.786469829631131e-05,0.00010770526096319884,0.869700832937218,5.535686180864978e-05,0.017986263895171807,9.527246007180477e-05,0.0002611050400206111,3.7587371060960974e-05,8.845512788273277e-05,0.00010896144432327131,7.410663518289811e-05,3.5838882659631737e-05,0.0001324866339212048,0.0002183933633738504,0.0,5.8979818107492516e-05,0.00011155878758947404,0.00013013271025847452,0.00029576329744891846,2.7680934974569964e-05,0.00016405881508520803,5.850657884261397e-05,0.0001505529305007891,0.00011610237933326614,3.0112296280905567e-05,0.00012031151583410761,0.0,0.0001056277481637967,0.0,0.0,4.080720193887436e-05,0,0,0,1,0,0,0,0,0,1,0,0,0,0,0,1,0,0,0,1,0,1,0,0,0,0,0,0,0,0,1,0,0,0,0,0,0,0,0,0,0,0,0,0,0,0,0,0,78.6,56.6,0.218
UT,549.2,39.4997605,0,4.031910879070583,0.31,0.11,0.13,0.24,0.1,0.11,47.5,69.6,49.1,28.2,20,14.3,8.975,49.70699999999999,3.592999999999999,59.942792000000004,9.351999999999999,30.481,16.330000000000002,25.42,137.60899999999995,2.4408995266925522e-05,2.1042109925347145e-05,2.7160266592580806e-05,2.494031470936116e-05,1.9398803370957774e-05,5.375991828492421e-05,2.262210437064056e-05,8.16289147922975e-05,0.0,2.6306097753459253e-05,6.0010591929128166e-05,1.936907896856983e-05,6.165245549286613e-05,2.7699304187882982e-05,3.654135836615948e-05,1.3435612729818322e-05,0.0004839739791409999,4.566037147496364e-05,1.8030658501987363e-05,2.3597265925147006e-05,0.9437889058336364,3.1340976690839934e-05,8.705931696216643e-05,3.1830548029066645e-05,0.0001017991299567693,7.433760123810709e-05,1.1850474695408717e-05,6.29106687164171e-05,0.00013086396987749347,1.647320580501753e-05,2.6024329935048195e-05,3.0384285247669905e-05,0.0006578518173528012,0.0,3.054562009282521e-05,4.694134465615465e-05,0.00021804806672950724,1.3491678872138819e-05,0.001291958566973925,1.268897136339225e-05,0.0029293523401008686,2.5595451838769733e-05,5.223609230892627e-05,0.000137437054628033,0.00011054066668304306,0.001149286862298187,0.0004841244573813819,0.003640712103416095,0,0,0,0,0,0,0,0,0,0,0,0,0,0,0,0,1,0,0,0,1,0,0,0,0,0,0,0,0,0,0,0,1,0,0,0,1,0,1,0,1,0,0,0,0,0,0,1,79.5,55.8,0.08900000000000001
KY,481.2000000000002,37.8222935,0,1.2766352788321431,0.24,0.09,0.12,0.26,0.14,0.16,55.1,74.5,57.0,35.9,15,3.3869999999999973,11.727999999999996,50.734999999999985,5.685999999999997,44.621286,16.585000000000004,21.738000000000003,27.858,32.96,266.141,2.7298855171677804e-05,4.492774821898444e-05,7.809560712997148e-05,0.0005125234672773718,5.5251948886924374e-05,4.1236300957186184e-05,0.0004374440071670826,1.5649344729993238e-05,2.0901282293668718e-05,0.00011959156747918783,5.2534123219601266e-05,0.00019652936160350593,4.93973802419906e-05,2.0984321354456802e-05,0.00020717092158441266,0.008711391249896849,6.462265539064295e-05,6.236538542921863e-05,0.00010839670214469098,0.012037536001253585,4.920609938546647e-05,0.8042274368588783,5.475428739758895e-05,0.007331268549763989,1.017991299567693e-05,7.124939228459522e-05,0.00010550068622638204,5.757925611333091e-05,3.673113699970556e-05,3.890480519908395e-05,4.536673731920564e-05,0.0,1.8460526622504288e-05,9.491144913135486e-05,0.00019666358141955958,5.21935230792209e-05,4.759178293873432e-05,0.006083667837024837,3.5548301068930006e-05,0.0001721584763357543,9.56887741757688e-06,2.2584222210679174e-05,0.00016176338263409427,8.31014748913688e-05,9.948660001473876e-05,0.0,2.931024898551164e-05,7.274327302147169e-05,0,0,0,1,0,0,1,0,0,0,0,1,0,0,0,1,0,0,0,1,0,1,0,1,0,0,1,0,0,0,0,0,0,0,0,0,0,1,0,1,0,0,0,0,0,0,0,0,84.3,64.8,0.24600000000000002
NE,466.4000000000004,41.5008195,0,1.2540171851806425,0.26,0.09,0.12,0.25,0.13,0.16,48.2,71.8,49.5,25.7,14,10.543000000000001,10.812999999999997,50.14099999999999,3.004999999999998,54.079788,9.508999999999999,29.528999999999993,21.390000000000004,29.684999999999995,252.63199999999992,1.4707322729542863e-05,1.3535195033061136e-05,8.344893503807436e-06,6.983288118621124e-05,1.3683084520586287e-05,2.947631883235901e-05,1.4748112241633072e-05,2.346059570156791e-05,0.0,1.942604141793914e-05,4.5057654510074365e-05,0.0003319459395648002,0.00011274669230805489,3.637282368105846e-06,2.9625338562394833e-05,3.8919936230247914e-05,0.00044380851332896946,1.8932349148155657e-05,3.1859482131830175e-05,2.6836106346245614e-05,5.7527719134479186e-05,2.3044835802088186e-05,1.0174573094509733,5.51519396543234e-05,4.150272221314441e-05,1.169107675258064e-05,3.5341681171263166e-05,0.00010502882828079803,1.9034759254908142e-05,0.001301733752336917,2.971697134475098e-05,0.0,6.570695916484577e-05,2.9835489704161663e-05,7.113363583260665e-06,0.015919681061465258,5.5847500387290274e-05,0.0,8.109456181349658e-05,9.293814160754864e-05,4.337891095968185e-05,0.0,2.9656620149583946e-05,0.0,0.005573706060084994,0.00016949379340490728,7.984516102949722e-05,0.002231976523439302,0,0,0,0,0,0,0,0,0,0,0,1,0,0,0,0,1,0,0,0,0,0,1,0,0,0,0,0,0,1,0,0,0,0,0,1,0,0,0,0,0,0,0,0,1,0,0,1,85.7,69.2,0.154
TN,457.9999999999999,35.830521000000005,0,1.4562805059166213,0.24,0.09,0.12,0.26,0.13,0.16,57.3,75.6,58.6,39.1,14,5.131999999999996,21.444000000000017,51.25599999999999,5.896,46.088241999999994,15.014000000000003,24.530999999999995,29.813000000000006,31.88000000000001,255.46799999999993,7.606524106437256e-05,7.097446807252226e-05,0.00010100470156023529,0.00017489395689939514,9.526198083952479e-05,5.375991828492421e-05,0.0029233758078965892,4.289477337655094e-05,0.0,0.00014134468677531759,0.00017362905524358752,0.0002526329006848806,0.00013687976357131746,4.588571602841221e-05,0.00492606413545159,0.0001952931321308431,0.00018392601918875304,0.0,0.0001650948790270465,0.0002555599322743045,7.308552996958991e-05,0.010721609856921529,0.00019164000589156133,0.8616103893648152,4.1241698802998845e-05,0.0002830122919539804,0.0007724831558086779,0.00016020894872274016,3.940790001992701e-05,0.00014159947117504428,8.246899148336219e-05,2.4307428198135925e-05,6.30473917700782e-05,0.0003145698370982262,0.00387950296836478,0.00011160879149015791,8.012902229480778e-05,0.00029897560380659624,8.73895734611196e-05,0.00449704004022061,0.0,7.377512588821864e-05,0.024790238388674946,9.269010660960365e-05,2.579282222604338e-05,0.000257214265430254,5.6599101489263856e-05,0.0,0,0,0,1,0,0,1,0,0,0,0,1,0,0,1,0,0,0,0,0,0,1,0,1,0,0,1,0,0,0,0,0,0,1,1,0,0,0,0,1,0,0,1,0,0,0,0,0,86.7,62.1,0.226
OR,417.30000000000007,44.1419049,1,2.3677835510355583,0.22,0.08,0.13,0.26,0.13,0.18,46.9,63.7,48.9,34.0,-5,12.71,12.303,50.52700000000001,5.8,52.299082000000006,10.544,30.041999999999994,15.297000000000002,26.541,228.66799999999998,1.930013579245274e-05,2.286196808105284e-05,1.605998372430865e-05,2.751228466376403e-05,2.4421707815223627e-05,2.3061783127907827e-05,2.249712036859282e-05,0.00020483730640579486,0.0,2.8228466435442812e-05,3.654720608540012e-05,3.239311482674609e-05,3.997039927977865e-05,1.7906620889136472e-05,2.8386648448287734e-05,1.9329946056448297e-05,8.907984496925553e-05,3.0069025117658983e-05,1.648821278942797e-05,2.2209191458961888e-05,0.0001411057261789112,8.987485962814391e-06,8.705931696216643e-05,2.489716132966599e-05,0.8935953729946224,1.8529253721071203e-05,2.9993236839707018e-05,4.7183001537312824e-05,0.014655128826655801,2.0328636950872694e-05,1.8463207048513923e-05,4.0259177953162624e-05,0.00011795963621498503,2.3349513681517823e-05,0.0,4.628482235327137e-05,7.381582659885323e-05,1.2952011717253267e-05,0.00014589615230373358,3.5666297886291724e-05,0.0050006953384256776,2.935948887388293e-05,0.0,2.397157929558715e-05,0.0,0.0004460362984339666,0.000284006205687199,0.0,0,0,0,0,0,0,0,1,0,0,0,0,0,0,0,0,0,0,0,0,0,0,0,0,1,0,0,0,1,0,0,0,0,0,0,0,0,0,1,0,1,0,0,0,0,0,0,0,78.0,61.0,0.161
LA,404.9000000000002,30.9733766,0,1.308938467877774,0.25,0.09,0.12,0.25,0.13,0.15,66.3,81.1,67.4,50.9,11,4.981999999999998,36.93400000000001,51.10700000000002,6.369999999999997,44.99746199999999,17.188,22.094000000000005,28.797,34.587999999999994,223.85599999999997,6.177075546408002e-05,4.128803190757304e-05,6.408248407640806e-05,5.603776961259586e-05,5.317350566860747e-05,5.024719635153427e-05,4.561916074742433e-05,4.1847904689638864e-05,5.9853672022778596e-05,5.0588649525883176e-05,0.0015080594145423917,0.000121223718372256,2.1304976974599e-05,4.616550697980497e-05,0.00015308145326840258,3.9786749954752327e-05,8.729029451228388e-05,0.0,0.00022104842694471822,6.184642899335914e-05,0.00012192981980075149,7.443481964074484e-05,2.9019772320722144e-05,0.00020217125307570548,2.1925966452227235e-05,0.8561834325530753,8.221922266549057e-05,0.0004022550809028534,2.9593102279115003e-05,9.463330994371772e-05,3.1475372016038024e-05,0.0,5.35042381770887e-05,7.026474024530826e-05,0.0007642681520485651,7.845441519455218e-05,0.00018502519693528344,5.612538410809749e-05,7.479955016587355e-05,0.0019228935793119011,8.356819611350475e-05,0.0,0.010536862336328315,0.0,3.070574074528974e-05,0.0,0.0001728293991904307,0.00014193809370043257,0,0,0,0,0,0,0,0,0,0,1,0,0,0,0,0,0,0,0,0,0,0,0,0,0,1,0,1,0,0,0,0,0,0,1,0,0,0,0,1,0,0,1,0,0,0,0,0,79.0,56.5,0.231
NC,394.3999999999999,35.2145629,1,2.911426196239876,0.24,0.08,0.12,0.26,0.13,0.16,58.2,75.7,60.2,42.1,3,9.077000000000002,28.671000000000014,51.276,5.860999999999997,48.001564,14.559999999999997,27.804999999999996,24.114000000000004,29.826,230.985,0.00018092587189395536,0.00022190895386136366,0.00023538897713570032,0.00015151241185936906,0.0004636660412861961,0.00014386887222840513,0.005702520077430089,5.8463589746012475e-05,9.215565374935752e-05,9.470195191245331e-05,0.0001385930502803258,9.701236966154371e-05,8.974485876025773e-05,0.00015276585946044554,0.0012129872942393787,0.0001882719409623574,0.00014475474807504023,0.00030625858916134147,0.000361730113486773,0.00016024548559625973,4.088447963645376e-05,0.00023183104816900714,0.00018452194852987475,0.0011607119642678462,7.465269530163082e-05,0.00017293970139666456,0.891747801343676,6.371038060688002e-05,4.372046266361714e-05,7.290269803071587e-05,0.00016739974390652624,0.00012837360517140535,0.00010356668325506643,0.02363576142331717,0.0002535704900856449,0.00014115229511990558,0.00011655130515608405,0.0005099854613668474,0.00015885647040178098,9.156636091961434e-05,0.0,0.00017540412583627493,0.00011896348764549016,0.00017579158150097244,3.193397037510133e-05,0.0004965870789231494,0.00013543356427788138,7.274327302147169e-05,0,0,0,0,0,0,1,0,0,0,0,0,0,0,1,0,0,0,0,0,0,1,0,1,0,0,1,0,0,0,0,0,0,1,0,0,0,0,0,0,0,0,0,0,0,0,0,0,85.3,65.4,0.172
OK,387.20000000000005,35.309765399999996,0,0.8367086950807856,0.26,0.09,0.13,0.24,0.13,0.16,59.1,79.6,60.6,39.1,20,10.074999999999998,25.29100000000001,50.47800000000001,4.3439999999999985,47.59028599999999,13.294999999999995,23.938,29.101999999999997,32.742000000000004,262.6889999999999,1.7235950146201108e-05,2.525053191041657e-05,6.0067488145330885e-05,4.660721311311867e-05,1.0045808888531705e-05,2.2603602006161315e-05,3.19959045242209e-05,3.537879306025916e-05,0.0,3.0353189715529906e-05,0.001069055488561182,0.0009707915958902154,5.128277643443299e-05,1.2031010909888568e-05,5.0063725445162e-05,3.744635289859042e-05,0.0001871074422233693,3.6751030699360976e-05,3.957171069462713e-05,4.2876077955495867e-05,8.538705481595653e-05,4.977684533251048e-05,0.00021573189234650047,9.470375923499533e-05,4.620114359576453e-05,0.00033286480791781483,2.5064278338076843e-05,0.8861676766583558,1.977830453830299e-05,0.0038256391779099216,7.297362785841217e-05,3.0384285247669905e-05,0.00010497468952288456,2.270091607925344e-05,5.648847551412882e-05,0.00012867837136512324,0.00012140760953758756,7.339473306443517e-05,5.1841272392189595e-05,0.0071675540944567025,2.4241156124528094e-05,0.0,0.0001294107061072754,0.0,4.667272593284041e-05,0.000564979311349691,4.447072259870732e-05,0.0004400080904713409,0,0,0,0,0,0,0,0,0,0,1,1,0,0,0,0,1,0,0,0,0,0,0,0,0,1,0,1,0,1,0,0,0,0,0,0,1,0,0,1,0,0,0,0,0,0,0,0,77.6,56.0,0.201
WA,383.40000000000003,38.899348700000004,1,3.4883816588197853,0.23,0.08,0.14,0.26,0.13,0.16,47.7,63.8,48.5,33.0,-7,12.371000000000002,19.55600000000001,50.004000000000005,5.767999999999999,62.408964,9.993999999999996,31.955000000000005,17.167,27.27399999999999,175.33900000000003,4.3812340341690845e-05,5.129725176395439e-05,3.054545924035175e-05,7.20930972067471e-05,8.816063317694203e-05,8.995622690289875e-05,8.661391341908236e-05,0.00022990846931799673,0.00010355635318226773,6.34381665054575e-05,8.033227017683161e-05,8.048186261078153e-05,9.936037934171392e-05,2.7979095139275738e-05,6.38957650526913e-05,2.5917730362681798e-05,0.0001610595411274486,6.682005581701997e-05,4.691162477508216e-05,3.71695495945126e-05,0.0003183924077883125,5.6920744431157814e-05,7.008548786891385e-05,4.175789716684486e-05,0.02572359604643502,4.3896684410632966e-05,3.0832208499558966e-05,3.5453893810523195e-05,0.9310804902640181,0.000118116390559381,7.983139047643163e-05,3.418232090362864e-05,0.00025375401848899963,3.805105933284386e-05,5.063041138673768e-05,7.057614755995279e-05,0.0001131518920890316,5.7204718417868594e-05,0.00030141996948030233,3.9781639950094616e-05,0.019428648708648095,3.7640370351131956e-05,7.346753627965115e-05,6.232610616852659e-05,0.0001056277481637967,0.0,0.0007287134316742721,0.000409846245559999,0,0,0,0,0,0,0,0,0,0,0,0,0,0,0,0,0,0,0,0,0,0,0,0,1,0,0,0,1,0,0,0,0,0,0,0,0,0,0,0,1,0,0,0,0,0,0,0,78.9,63.8,0.135
KS,342.09999999999997,38.4987789,0,0.27406647744677926,0.26,0.09,0.12,0.24,0.13,0.16,53.6,76.4,55.4,31.9,13,11.618,13.249999999999998,50.083000000000006,4.274999999999995,54.540688,10.178999999999997,30.78000000000001,23.516,30.816,268.27399999999994,1.72875547873574e-05,1.956347517383626e-05,2.3853799355223144e-05,6.406543340967148e-05,2.2170060995380312e-05,1.3745433652395394e-05,3.5870408587700776e-05,2.6815944057055308e-05,2.470151543797212e-05,3.662618225673942e-05,0.0001389907347861517,0.031634882175054065,6.674302521246059e-05,2.797909513927574e-06,6.162483317682828e-05,2.6697862714735762e-05,0.0002767838040116154,0.0,3.361467897715638e-05,5.8299127579774956e-05,1.7005049052330324e-05,2.5579767740317884e-05,0.0020335742339464536,6.366109605813329e-05,1.5139357788442615e-05,5.955831553201458e-05,2.181326315615056e-05,0.0029096184281342907,5.0114952100812844e-05,0.9041813202258021,6.0840663226531597e-05,0.0,3.848550465369538e-05,2.4214310484537002e-05,2.573363884532535e-05,0.0002826328513912528,9.712608763007005e-05,0.0,5.443333601179907e-05,0.00019547874803063734,1.2120578062264047e-05,0.0,2.561253558373159e-05,0.0,0.00024073300744307155,0.00029438395696641795,6.266329093454213e-05,0.00014016386752917714,0,0,0,0,0,0,0,0,0,0,1,1,0,0,0,0,1,0,0,0,0,0,1,0,0,0,0,1,0,1,0,0,0,0,0,1,1,0,0,1,0,0,0,0,0,0,0,0,78.5,63.3,0.174
WI,298.79999999999995,44.7862968,0,0.9148684382201749,0.23,0.09,0.11,0.26,0.14,0.17,42.9,66.8,45.7,17.2,0,6.652999999999994,12.459999999999997,50.31600000000001,4.669999999999997,54.19495600000001,9.288999999999998,27.533999999999992,20.464000000000002,30.447000000000003,197.94000000000005,4.561850278216102e-05,4.435904254532641e-05,5.2194947104003116e-05,0.005096163618440619,5.282709846555465e-05,4.077811983543967e-05,4.311948070646957e-05,3.328505568643502e-05,5.2253205734171794e-05,0.0013025565479924401,7.058899978409709e-05,0.00015478565692986405,0.013258860183731859,5.5398608375765964e-05,7.370206178937251e-05,0.00011615303908359066,0.00010220321498704762,5.902438263836763e-05,7.802647794222849e-05,0.00019155427633354627,5.354781403712528e-05,5.945567636938752e-05,9.253474570192533e-05,7.390359913679336e-05,2.7407458065284044e-05,3.9484957334187445e-05,9.98376275223814e-05,0.00011062681151403854,6.751391173225232e-05,0.00012127083422417159,0.9579967314848322,7.444149885679127e-05,8.839150459080443e-05,7.69669154687069e-05,4.874746220293338e-05,0.0026963370979416383,4.224984811908047e-05,4.425270670061533e-05,0.00011479138886841981,7.030376025663273e-05,6.506836643952278e-05,6.0224592561811134e-05,6.706440238371824e-05,0.0,0.00025178707411137584,0.0008400350287173036,0.00022639640595705543,0.0,0,0,0,1,0,0,0,0,0,1,0,0,1,0,0,0,0,0,0,0,0,0,0,0,0,0,0,0,0,0,1,0,0,0,0,1,0,0,0,0,0,0,0,0,0,0,0,0,80.7,60.0,0.16
NH,272.59999999999997,44.00123060000001,1,0.7561152172096591,0.2,0.08,0.11,0.26,0.16,0.18,42.4,65.5,46.3,21.1,0,3.4290000000000003,6.0729999999999995,50.574000000000005,3.417,66.949032,7.998,34.413000000000004,19.912000000000003,27.922000000000004,212.398,7.116280015452493e-05,5.505070921009739e-05,3.794564781919985e-05,1.4028927024015652e-05,2.494131861980285e-05,0.01813832152066038,3.2745808536507324e-05,6.710696710974802e-06,0.000381923431002492,9.308311512762505e-06,1.0817018558464454e-05,1.33579854955654e-05,1.7345644970469984e-05,0.00031084774699735346,1.7754558302201782e-05,2.1410298995258877e-05,1.849202138870706e-05,0.0,3.888026951313499e-05,0.0,1.4472382172196021e-05,0.0,0.0,5.042463054109568e-06,1.3834240737714802e-05,0.0,1.772327631437233e-05,1.0662825206172389e-05,6.6919075505536435e-06,0.0,1.7232326578612996e-05,0.8742470394312062,1.063826957907027e-05,8.864167230946581e-06,5.648847551412881e-06,0.0,3.302286979422381e-05,2.2666020505193215e-05,2.5920636196094797e-05,0.0,0.0,0.01800489475376046,9.436197320322165e-06,0.03713836875000999,0.0,0.0,0.0,0.0,0,0,0,0,0,1,0,0,0,0,0,0,0,0,0,0,0,0,0,0,0,0,0,0,0,0,0,0,0,0,0,1,0,0,0,0,0,0,0,0,0,1,0,1,0,0,0,0,87.8,67.0,0.157
AZ,220.79999999999995,34.1682185,0,3.6289937902230234,0.24,0.09,0.12,0.24,0.12,0.18,58.2,78.1,61.3,43.6,5,30.755000000000006,16.574,50.35100000000001,6.231999999999998,50.08273500000001,14.111,27.325000000000003,19.306,26.048999999999996,166.28300000000002,4.716664201684974e-05,9.611125884820722e-05,7.841050877162459e-05,0.00011121821590705743,2.7712576244225393e-05,5.11635585950273e-05,6.986605714468548e-05,0.00047798950532931323,6.3653905167082e-05,9.247605133331444e-05,0.00016261319443221012,0.00011738329754228095,0.00017967825713975972,4.616550697980497e-05,9.868231242386572e-05,5.452258327132726e-05,0.000515191692668172,6.0138050235317966e-05,6.1272326236842e-05,5.8144897083532165e-05,0.0015214091758521068,2.7192906246464058e-05,0.0002299680070698736,6.350351908769238e-05,0.000196811651249754,7.544053300721846e-05,6.942490485274841e-05,0.00017886889283354185,0.0002412060899332891,8.62214601709428e-05,9.934963792771777e-05,5.165328492103884e-05,0.8542830846663894,4.821242176831921e-05,4.560921356325956e-05,0.00012080010373052385,0.0026729099315795277,0.0,0.003921792256469143,0.00013957868499731474,0.0002838766967214474,0.00011819076290255435,6.605338124225516e-05,0.00010547494890058347,0.00020388611854872386,0.0012489016356151063,0.0003759797456072528,0.0006688832665632884,0,0,0,0,0,0,0,1,0,0,0,0,0,0,0,0,1,0,0,0,1,0,0,0,0,0,0,0,0,0,0,0,1,0,0,0,1,0,1,0,0,0,0,0,0,0,0,0,81.0,55.9,0.156
SC,211.30000000000004,33.62505,1,0.9299761056643325,0.23,0.09,0.11,0.25,0.14,0.18,62.0,78.4,63.4,46.1,8,5.410999999999999,31.957,51.423000000000016,6.071,45.907557000000004,15.045,25.308,24.541000000000004,31.948999999999998,235.77999999999997,6.0016197664766136e-05,9.622499998293883e-05,9.100657443774903e-05,4.122945775391267e-05,0.00011466078421048257,5.8799910624135854e-05,0.0002844635886606514,2.2198984719904647e-05,2.0901282293668718e-05,4.573213917139839e-05,6.287392037107463e-05,6.512017929088132e-05,3.092049755605518e-05,0.00010548118867506953,0.004721267369919215,7.125208815426233e-05,1.809434350938003e-05,5.345604465361597e-05,0.00017817907369220548,7.95829360612801e-05,0.0,0.00010116682917116712,7.556091660867275e-05,0.00022927449199154442,2.819052829572073e-05,7.169056499223977e-05,0.011464967217706748,2.7989916166202523e-05,2.6172793975498696e-05,3.9255298939616235e-05,6.259906389781864e-05,3.114389237886165e-05,3.4887266413715734e-05,0.8456117183425996,0.00023662394743140627,7.2217453317161e-05,6.118943520694413e-05,0.0001521861376777259,5.1841272392189595e-05,5.384239200142116e-05,0.00016203299093763517,0.00013023568141491657,0.00010952729032516798,1.917726343646972e-05,3.930334815397087e-05,0.0,1.71818700949551e-05,2.1290714055064884e-05,0,0,0,0,0,0,0,0,0,0,0,0,0,0,1,0,0,0,1,0,0,0,0,1,0,0,1,0,0,0,0,0,0,1,0,0,0,0,0,0,0,0,0,0,0,0,0,0,79.4,59.7,0.188
AL,207.3,32.601011199999995,0,0.47987734050583547,0.24,0.09,0.12,0.25,0.14,0.17,62.5,78.6,63.7,46.5,14,4.155999999999999,30.868,51.58999999999998,6.212999999999998,44.211699,16.288999999999998,23.075999999999997,27.72700000000001,34.11200000000001,214.31199999999995,3.0033901152961214e-05,2.76390957397803e-05,5.699719713921306e-05,4.878949065018777e-05,5.351991287166029e-05,4.963628818920559e-05,8.561404140270045e-05,1.8951007511792842e-05,0.0,5.939107454338685e-05,0.00011986211005592597,6.461925483479762e-05,4.7323444430303974e-05,1.3150174715459596e-05,0.0060621494184401525,6.691801953174029e-05,7.158201827886604e-05,0.0,0.000946157475197207,9.593136866301593e-05,5.2824194928515476e-05,0.00021662145653962895,1.8616457715180244e-05,0.002921949762886054,0.0,0.000805801950512775,0.0001271042064675696,7.197407014166364e-05,3.598759171631071e-05,4.31107300854714e-05,4.0970735640988035e-05,2.0509392542177186e-05,3.410504070937233e-05,0.0002445212960536728,0.7966544595768469,6.696527489409474e-05,3.1565978479772765e-05,3.88560351517598e-05,2.18473933652799e-05,0.00013992163016929833,1.1482652901092255e-05,3.9898792572199877e-05,0.0072362153164984835,3.515831630019449e-05,3.56186592645361e-05,0.0,0.0,0.00018097106946805152,0,0,0,0,0,0,0,0,0,0,0,0,0,0,1,0,0,0,1,0,0,0,0,1,0,0,1,0,0,0,0,0,0,1,1,0,0,0,0,0,0,0,1,0,0,0,0,0,81.2,60.7,0.209
IA,171.4,41.9383166,0,0.5790996124877107,0.25,0.09,0.12,0.24,0.13,0.17,48.2,71.6,49.8,21.7,3,5.684999999999996,8.125999999999998,50.31099999999998,3.7179999999999973,54.88709800000001,8.719999999999999,26.613000000000014,23.644999999999992,31.36,241.44099999999997,1.873248473973354e-05,5.3458333323854905e-06,2.18856640948912e-05,0.0043343928810365695,1.19510485053222e-05,2.5352688736640393e-05,4.761890478018813e-05,1.8951007511792842e-05,0.0,5.544515988036796e-05,3.9927524384920265e-05,0.0009716264699836882,0.0018182760879914403,0.0,6.14183848244771e-05,4.958174504165213e-05,8.311467677935001e-05,0.0,3.590175365439961e-05,0.0001389616771147546,5.1738766265600774e-05,3.6641288925320216e-05,0.026554186759208714,5.357616994991416e-05,3.6804300830524285e-05,5.2720138563524014e-05,4.509472671704202e-05,0.00010449568702048942,3.197244718597852e-05,0.00030177511059829984,0.001444350311395175,0.0,5.757181183967439e-05,4.7563824166054825e-05,4.268018149956399e-05,0.9671328522119057,6.895952221734973e-05,4.857004393969975e-05,6.702335930704512e-05,7.270437646051775e-05,9.505084901459701e-05,3.312352590899612e-05,4.954003593169137e-05,0.0,0.011913827409172418,0.00046685132569421835,3.6385136671669626e-05,0.00014193809370043257,0,0,0,1,0,0,0,0,0,0,0,1,1,0,0,0,0,0,0,0,0,0,1,0,0,0,0,0,0,1,1,0,0,0,0,1,0,0,0,0,0,0,0,0,1,0,0,0,83.5,65.8,0.171
NM,165.20000000000002,34.1662325,0,1.137210023995,0.24,0.09,0.12,0.24,0.13,0.18,52.4,71.4,53.8,36.1,-3,47.969,17.461999999999996,50.443999999999996,6.69,45.087771000000004,16.231,25.848000000000006,18.772,24.122999999999994,215.555,9.392044690444915e-06,5.800797871311916e-06,1.6217434545135207e-05,1.1456957069612782e-05,5.715718850371487e-06,7.025443866779868e-06,1.5747984258014976e-05,3.2775042736400936e-05,0.0,6.171815242157747e-06,0.0013422647440635746,3.5064711925859175e-05,2.846948250588008e-05,0.0,2.4051233048912878e-05,1.2742161750214796e-05,0.0009848492681533987,0.0,1.6594588355811378e-05,8.79113828583908e-06,0.00016245248988290033,2.258393908604642e-05,6.296743050722729e-05,2.600020012275246e-05,3.967555834212547e-05,8.404340080628724e-05,2.516914979555834e-05,6.664265753857744e-05,3.464921020619998e-05,7.009874810645757e-05,1.529808584019725e-05,5.165328492103884e-05,0.000861074055341217,2.7241099295104127e-05,1.3599077438586566e-05,4.661308350471301e-05,0.8195266171614998,0.0,0.0001521911639513566,0.0,5.9964965150148445e-05,0.0,4.178887384714102e-05,0.0,0.0,0.0001293505265458503,9.702703112445233e-05,0.00017387416478302988,0,0,0,0,0,0,0,0,0,0,1,0,0,0,0,0,1,0,0,0,1,0,0,0,0,0,0,1,0,1,0,0,1,0,0,0,1,0,0,0,0,0,0,0,0,0,0,0,85.7,67.5,0.175
WV,150.60000000000002,38.920170500000005,0,0.1151714468584356,0.21,0.08,0.11,0.25,0.15,0.2,50.9,70.2,53.3,32.8,19,1.477999999999999,6.341999999999998,50.632999999999996,6.971,41.785536,15.523000000000003,18.906,29.212000000000003,34.61900000000001,256.488,1.604904339960642e-05,2.889024822182797e-05,0.0017501445988975766,1.5587696693350724e-05,0.004902527941204998,1.6799974464038815e-05,0.004735268885582645,7.81125097157467e-06,0.0,1.1129502895694298e-05,2.946842188169912e-05,2.8385719178076473e-05,2.337891278628563e-05,2.3222648965598862e-05,1.6619092364270273e-05,0.004499716725274832,6.362846069232537e-06,0.0,2.8295900657986067e-05,4.688607085780843e-05,9.045238857622513e-06,0.002597844339969401,0.0,8.729764162427189e-05,6.264561843493496e-06,2.2940980797516727e-05,9.910352732001096e-05,3.6253605700986125e-05,1.5763160007970806e-05,0.0,1.4418885504553731e-05,3.19034995100534e-05,0.0,6.0968174612852094e-05,1.506359347043435e-05,2.9543503629747682e-05,0.0,0.6981663189411299,0.0,3.0179175134554537e-05,0.0,0.0,2.8308591960966496e-05,2.7167789868332107e-05,0.0,0.0,7.074887686157982e-06,9.580821324779197e-05,0,0,1,0,1,0,1,0,0,0,0,0,0,0,0,1,0,0,0,0,0,1,0,0,0,0,0,0,0,0,0,0,0,0,0,0,0,1,0,0,0,0,0,0,0,0,0,0,81.8,55.2,0.26
NV,138.20000000000002,38.502032,0,9.111152131546488,0.24,0.08,0.13,0.27,0.13,0.16,48.0,69.0,50.2,32.2,-1,28.000999999999998,24.127000000000002,49.812000000000005,6.7669999999999995,51.85726700000001,15.175999999999998,22.506999999999998,20.822,26.803,229.244,3.2459319287306875e-05,2.4909308506221754e-05,2.4247426407289534e-05,7.069020450434554e-05,2.3382486206065176e-05,3.8334487186124934e-05,2.087232834197223e-05,0.0007128370474265874,0.0,2.5597856660096886e-05,5.181829110911465e-05,5.226311825139962e-05,3.978185966053441e-05,3.973031509777155e-05,5.697974524892665e-05,2.4877553893276506e-05,0.00014714081535100243,2.5614354729857653e-05,3.882708172994329e-05,2.4368418406360958e-05,0.001262353534969798,2.212304237000466e-05,0.0001199118894007198,3.718816502405806e-05,0.00010284322359735155,4.45584434720998e-05,4.4989855259560526e-05,3.7319888221603364e-05,0.00012104917213668147,5.152257985824631e-05,5.451042080989825e-05,5.317249918342233e-05,0.0016569104869401943,3.0267888105671252e-05,1.2343777982717037e-05,5.9415268410937004e-05,0.00019959411007979393,0.0,0.9079495258560197,1.0974245503474377e-05,0.0008018719275929425,0.0,3.2689683573973215e-05,0.0,9.334545186568081e-05,0.0004029194562520165,0.0003011880757821541,0.00034774832956605976,0,0,0,0,0,0,0,1,0,0,0,0,0,0,0,0,0,0,0,0,1,0,0,0,1,0,0,0,0,0,0,0,1,0,0,0,0,0,1,0,1,0,0,0,0,0,0,0,80.4,51.8,0.17600000000000002
AR,130.7,34.7519275,0,0.5599039479162309,0.25,0.09,0.12,0.25,0.13,0.17,60.3,78.8,61.4,41.5,15,7.032999999999998,20.993,50.892000000000024,5.367000000000001,42.48714299999999,15.742999999999997,20.709000000000007,30.971000000000007,34.50800000000001,224.02899999999997,1.4965345935324316e-05,1.5013829784572016e-05,4.762887330003301e-05,6.897555786807695e-05,2.113083938622186e-05,2.046542343801092e-05,2.6871560440263646e-05,2.270899766993873e-05,0.0,2.7317870743976915e-05,0.0008177984177803788,0.002573749855358063,3.959332004129017e-05,0.0,7.917294312667888e-05,4.906165680694949e-05,7.396808555482824e-05,2.895535752070865e-05,2.787039839245244e-05,6.770718785058519e-05,1.338695350928132e-05,0.00011568507572648269,0.00014838411884746604,0.0020663068133918365,2.714643465513848e-05,0.0012368276858815029,2.800067914755865e-05,0.005571326170225073,1.7250250574760505e-05,0.00019978143210340406,3.604721376138433e-05,0.0,6.367317233355293e-05,3.394327451850276e-05,8.536036299912799e-05,6.959136410562787e-05,0.0,4.7490709629928646e-05,1.1849433689643335e-05,0.8168617910380196,0.0,0.0,0.0012796157580451165,0.0,7.983492593775332e-05,0.0,0.0,0.0,0,0,0,0,0,0,0,0,0,0,1,1,0,0,0,0,0,0,0,0,0,1,0,1,0,1,0,1,0,0,0,0,0,0,0,0,0,0,0,1,0,0,1,0,0,0,0,0,79.4,63.5,0.223
ID,112.59999999999997,45.4945756,0,1.0420552162502503,0.27,0.09,0.12,0.24,0.12,0.16,43.6,63.7,44.8,25.4,19,10.517000000000001,6.649000000000001,49.846,4.077999999999999,49.69989700000001,10.044000000000002,26.527000000000005,19.307000000000002,27.345000000000002,176.46899999999997,6.502184785692634e-06,7.279432622822796e-06,8.029991862154325e-06,2.322566807309258e-05,0.0,1.4967249977052762e-05,1.2873352210917002e-05,3.1593960115269366e-05,0.0,5.767106045950682e-06,1.4873400517888625e-05,1.8868154512486125e-05,1.1877996012387053e-05,0.0,0.0,7.62796077563879e-06,8.450654935699463e-05,0.0,5.1060271864035e-06,2.806995031618794e-05,0.0016614294733681033,3.456725370313228e-06,3.723291543036049e-05,0.0,0.002046162512131063,2.8896812350718187e-05,0.0,1.012968394586377e-05,0.004529083030214706,6.659381070113469e-06,1.793568684712781e-05,0.0,6.961808768656279e-05,5.4914596991717843e-05,3.7658983676085876e-06,4.891091156480449e-05,4.564926118613292e-05,0.0,0.0004654605671213023,0.0,0.8479071589237437,0.0,0.0,0.0,5.4042103711709944e-05,0.00244725249074103,0.0014887585088158154,0.005666878390989769,0,0,0,0,0,0,0,0,0,0,0,0,0,0,0,0,0,0,0,0,1,0,0,0,1,0,0,0,1,0,0,0,0,0,0,0,0,0,1,0,1,0,0,0,0,0,1,1,81.2,50.3,0.14300000000000002
ME,110.29999999999997,45.2185133,1,0.8697605545480483,0.19,0.07,0.11,0.26,0.16,0.21,39.1,63.7,44.2,16.8,-3,1.5700000000000003,5.0600000000000005,51.00600000000001,4.452,49.327658,8.703,28.338,20.253000000000004,28.179,273.36899999999997,5.877768627701516e-05,4.913617020405387e-05,3.125398793407125e-05,9.89818740027771e-06,3.2215869883912016e-05,0.000999293026529145,2.187220035835413e-05,7.623351463667375e-06,0.00025746579552655556,9.004779615607205e-06,1.3163357142837259e-05,1.3191010676870832e-05,1.6968565731981505e-05,0.00017682788128022266,1.1561107731666276e-05,7.974686265440553e-06,4.772134551924403e-06,0.0,3.196585769821358e-05,6.169219849711635e-06,1.2301524846366618e-05,6.913450740626456e-06,0.0,1.5442543103210552e-05,1.017991299567693e-05,0.0,2.4435049593187886e-05,0.0,7.435452833948493e-06,0.0,1.4067205370296323e-05,0.018167523756713027,2.4561887116382826e-05,3.7402461730579476e-05,1.1088478526847507e-05,1.44434906634322e-05,0.0,0.0,0.0,0.0,0.0,0.9167176693684924,0.0,0.000891742749795842,0.0,0.0,1.3139077131436252e-05,0.0,0,0,0,0,0,1,0,0,0,0,0,0,0,0,0,0,0,0,0,0,0,0,0,0,0,0,0,0,0,0,0,1,0,0,0,0,0,0,0,0,0,1,0,1,0,0,0,0,88.3,62.9,0.17300000000000001
MS,105.59999999999991,32.5851062,0,0.26846689091115583,0.26,0.09,0.11,0.25,0.13,0.16,63.2,79.5,64.2,46.7,9,3.0069999999999983,41.316,51.498000000000005,6.747,40.212483000000006,18.186999999999998,20.414999999999996,32.057,35.324000000000005,228.55200000000008,2.012581005095339e-05,1.1487854607892224e-05,2.369634853439659e-05,4.193090410511345e-05,3.0310630267121523e-05,8.552714272601578e-06,3.187092052217316e-05,1.5193017353646952e-05,0.0,2.974612592121931e-05,0.00023630413336174922,9.45077473811252e-05,5.184839529216571e-05,0.0,0.000167636062109161,3.4499186235275434e-05,3.0024679889191037e-05,4.6774039071913975e-05,8.047311596904684e-05,5.5060287158676345e-05,5.608048091725958e-05,0.00011061521185002329,4.818377290987827e-05,0.011591361945634369,0.0,0.0068968529386072884,3.7019624490967055e-05,0.00010236312197925494,3.241857435601543e-05,2.6637524280453875e-05,3.49921733586121e-05,2.1268999673368933e-05,3.066324761026136e-05,7.026474024530826e-05,0.004492298319405089,4.8254389261921215e-05,6.0218174330643425e-05,4.533204101038643e-05,3.591859587173136e-05,0.0013021628180216317,0.0,0.0,0.7345419080058383,5.912989559578164e-05,0.0,0.00042522127117371476,2.8299550744631928e-05,0.00012951851050164472,0,0,0,0,0,0,0,0,0,0,0,0,0,0,1,0,0,0,1,0,0,0,0,1,0,1,0,0,0,0,0,0,0,0,1,0,0,0,0,1,0,0,1,0,0,0,0,0,81.5,48.8,0.222
VT,100.70000000000002,43.8717545,0,0.9481734455629406,0.19,0.08,0.11,0.25,0.16,0.2,41.5,65.1,45.7,19.4,-15,1.8310000000000004,5.154999999999999,50.713,3.7319999999999998,53.755421,8.327,35.334,18.597,24.279999999999998,230.49099999999996,0.00040287743350716186,4.026436169498859e-05,1.4485475516043097e-05,6.936525028541073e-06,9.006587279373252e-06,0.00081250785589715,1.64978882703014e-05,1.9595234396046422e-06,0.0001662602000632739,1.0117729905176635e-05,8.43091152350906e-06,1.33579854955654e-05,9.238441342967708e-06,0.00018662056457896919,7.122468156115831e-06,1.0315083321602454e-05,4.772134551924403e-06,0.0,6.276158416620969e-06,0.0,3.111562167022145e-05,1.1983314617085856e-05,0.0,9.139464285573591e-06,3.915351152183435e-06,0.0,1.1535860322964238e-05,0.0,5.799653210479825e-06,0.0,0.0,0.01765251012176502,1.0325379297332907e-05,2.594390409057536e-06,4.602764671521607e-06,0.0,0.0,9.174341633054397e-06,0.0,0.0,0.0,0.00042006653311863265,1.2469260744711433e-05,0.9514767291898725,0.0,0.0,0.0,0.0,1,0,0,0,0,1,0,0,0,0,0,0,0,0,0,0,0,0,0,0,0,0,0,0,0,0,0,0,0,0,0,1,0,0,0,0,0,0,0,0,0,0,0,1,0,0,0,0,83.5,59.4,0.158
SD,51.500000000000014,44.2126995,0,0.9612640939350021,0.26,0.09,0.11,0.24,0.14,0.16,44.8,69.9,46.4,19.5,15,3.580999999999999,22.372,49.81600000000001,4.229999999999999,49.40528100000001,9.416000000000002,26.733,21.659000000000006,29.865000000000002,243.97600000000006,3.4059063163151893e-06,0.0,5.117151676863051e-06,8.962925598676667e-06,0.0,0.0,0.0,7.032810153101593e-06,0.0,6.171815242157747e-06,1.5509695727210062e-05,2.1539751611599207e-05,0.0010965464255244936,0.0,6.812795627589056e-06,4.594112739873362e-06,9.325546270218938e-05,0.0,9.573800974506564e-06,1.3263822676880015e-05,3.256285988744105e-05,1.866631699969143e-05,0.0024847495621025863,3.309116379259404e-06,0.0,5.514658845556906e-06,2.72665789451882e-06,1.012968394586377e-05,1.2788978874391409e-05,6.869677314432842e-05,3.604721376138433e-05,0.0,2.596989338420095e-05,6.918374424153429e-06,6.067280703369391e-06,0.0031841331689839167,0.0,0.0,2.814240501290292e-05,2.229143617893233e-05,2.8068707091558848e-05,0.0,0.0,0.0,1.013871625439092,0.004411298991511929,0.0003345411177311846,0.0031758648465471783,0,0,0,0,0,0,0,0,0,0,0,0,1,0,0,0,0,0,0,0,0,0,1,0,0,0,0,0,0,0,0,0,0,0,0,1,0,0,0,0,0,0,0,0,1,1,1,1,79.8,67.2,0.193
ND,28.70000000000001,47.467881899999995,0,1.5298688207246305,0.24,0.11,0.14,0.23,0.13,0.15,41.1,66.6,42.0,12.2,17,3.3279999999999994,11.651999999999994,48.81999999999999,2.865999999999999,56.90028699999999,8.529,27.858999999999995,22.813,31.197,241.871,0.0,0.0,7.242737758021549e-06,1.8159666647753595e-05,1.3163473716007062e-05,0.0,1.1373544186344147e-05,1.1247127687593769e-05,0.0,3.885208283587828e-05,3.766072270171264e-05,5.510169016920727e-05,0.007945436634190717,0.0,0.0,0.0,0.0003268912168068216,0.0,3.4040181242690004e-05,0.0,0.0002796787854776881,0.0,6.24198876332514e-05,2.7260815886279852e-05,7.830702304366869e-05,0.0,3.502706679881869e-05,0.00010129683945863771,0.0,6.939776062539299e-05,9.934963792771777e-05,0.0,0.00013141391832969154,0.0,0.0,0.00010307400155267525,4.224984811908047e-05,0.0,0.000100349891559167,0.0,0.0010500248152887695,0.0,9.638401548614784e-05,0.0,0.003644157311650986,1.1079303767073898,0.004133755805198021,0.0023331074152008603,0,0,0,0,0,0,0,0,0,0,0,0,1,0,0,0,0,0,0,0,0,0,0,0,0,0,0,0,0,0,0,0,0,0,0,0,0,0,0,0,0,0,0,0,1,1,1,1,86.1,64.9,0.183
MT,21.299999999999997,46.6797995,0,1.9060000101069825,0.23,0.08,0.11,0.24,0.15,0.19,42.5,64.2,43.0,21.2,11,3.5749999999999997,9.973999999999998,49.71500000000001,4.214999999999998,46.92523100000001,7.294,29.959000000000003,20.027000000000005,24.568,257.087,5.366882680254238e-06,1.2852748224671499e-05,1.0706655816205768e-05,1.332748067281487e-05,1.9052396167904957e-06,1.4356341814724077e-05,3.374568055288923e-06,2.128632996721207e-05,0.0,1.2040098587160196e-05,1.9128624730225746e-05,4.658597441578433e-05,4.317557280693072e-05,6.155400930640663e-06,6.812795627589056e-06,9.101544107296284e-06,9.961830877142192e-05,0.0,0.0,0.0,0.00017330677651204734,6.683002382605573e-06,4.325588704409527e-05,8.824310344691744e-06,7.334757825090301e-05,3.772026650360923e-05,1.4052775302520072e-05,1.1729107726789629e-05,0.00010721922986553727,2.1730611913001847e-05,3.93881750368297e-05,0.0,5.819759240314912e-05,3.675386412831509e-06,0.0,1.1817401451899073e-05,4.662052206243362e-05,3.7776700841988695e-06,0.00011034785123480356,0.0,0.0009396637624060496,9.78649629129431e-06,9.436197320322165e-06,0.0,0.00040654400746763616,0.00608096153531641,0.9488091447976835,0.003147477227807092,0,0,0,0,0,0,0,0,0,0,0,0,0,0,0,0,0,0,0,0,0,0,0,0,0,0,0,0,0,0,0,0,0,0,0,0,0,0,0,0,1,0,0,0,1,1,1,1,78.7,55.7,0.172
WY,10.399999999999999,43.000325,0,0.7715204763442425,0.24,0.08,0.12,0.24,0.14,0.17,40.8,63.5,42.5,21.2,25,9.909,7.331999999999999,49.008,4.201,58.97735100000002,7.713,25.152,22.474000000000004,27.807999999999996,165.97600000000003,6.089347656442308e-06,0.0,1.0313028764139378e-05,9.352618016010436e-06,0.0,2.749086730479079e-06,0.0,7.864936545262469e-06,0.0,8.701247718451907e-06,2.131588951226819e-05,1.9703028605958965e-05,9.992599819944663e-06,1.4549129472423384e-05,8.464382446398524e-06,8.841499989944962e-06,0.0012683935961135737,0.0,1.2605504616433642e-05,3.5473014135841904e-06,0.0007424332054336559,9.448382678856156e-06,0.000688808935461669,0.0,0.0,1.7646908305782096e-05,4.299729756741216e-06,6.610951627826882e-05,3.435179209284204e-05,2.768900550205074e-05,0.0,0.0,5.8979818107492516e-05,2.594390409057536e-06,2.1340090749781996e-05,2.6260892115331274e-05,4.759178293873432e-05,2.914202636381985e-05,7.257778134906542e-05,0.0,0.0020375329647827037,0.0,2.4601514442268502e-05,0.0,0.0021985310373627454,0.00195512577480222,0.0017929786793206086,1.0014974468885396,0,0,0,0,0,0,0,0,0,0,0,0,0,0,0,0,1,0,0,0,1,0,1,0,0,0,0,0,0,0,0,0,0,0,0,0,0,0,0,0,1,0,0,0,1,1,1,1,76.9,46.0,0.187
